{"title":"Hi, I am Scarlet. Nice to meet you!","markdown":{"yaml":{"title":"Hi, I am Scarlet. Nice to meet you!","author":"Scarlet"},"headingText":"EDUCATION","containsRefs":false,"markdown":"\n\n<img src=\"/cloud/project/Scarlet_web/elements/logo.png\" alt=\"Me\" loading=\"lazy\" width=\"60\" height=\"40\">\n\nUniversity of Toronto\nSep 2023 – Jun 2024 \nBachelor of Science (Honours)\n\nPhysiology Specialist  \nStatistic Minor\n\n# TECHNICAL SKILLS\n## Software: \nSQL, Python, R Studio, GitHub, Power BI, and Prism Graphpad.\n\n## Lab Techniques: \nWestern blots, bacterial culture, immune cell isolations, animal tissue histology, cytotoxicity (LDH assay), immunofluorescent staining, organ injury scoring, virology, genetics and sequence design, bioinformatics. \n\n\n# WORKING EXPERIENCE\n## Unity Health (Ori Rotstein Lab, University of Toronto)\nSep 2023 – Present\nResearch Assistant\n- Conducted in-depth research on liver ischemic injury, showcasing analytical skills and attention to detail.\n- Led an independent project on C3-CRIG interaction, demonstrating project management, innovation, and strategic planning skills.\n- Gained technical proficiency in histology and liver injury scoring, enhancing problem-solving abilities.\n- Contributed to manuscript writing, highlighting written communication and collaborative skills.\n\n## Biomedical Incubator Capstone (Erwinia-Phage Therapy, University of Toronto)\nSep 2023 – Present\nIndependent Research Project Contributor\n- Developed bacteriophage cocktails, illustrating creative thinking and experimental design skills.\n- Identified research gaps and commercialization potential, showcasing market analysis and entrepreneurial thinking.\n- Managed the project budget, demonstrating financial planning and resource management capabilities.\nExhibited leadership, teamwork, and networking skills throughout the project.\n\n## Unity Health (Haibo Zhang Lab, University of Toronto)\nMay 2023 – Aug 2023\nResearch Assistant \n- Research Investigated COVID-19 therapies, showing critical thinking and a proactive approach to medical challenges.\n- Managed electronic archives, indicating organizational skills and data management proficiency.\n- Attended lab meetings, showcasing active listening and engagement in collaborative environments.\n\nPREVENT Project (Karim Keshavjee Lab, University of Toronto)\nJul 2023 – Sep 2023\nProject Volunteer\n- Contributed to AI-based diabetes prevention software, displaying technical acumen and adaptability.\n- Developed predictive models, showing quantitative analysis skills and the ability to synthesize complex data.\n- Integrated biological data with health records, indicating interdisciplinary knowledge and innovation.\n\nChinese State Key Lab (Zijie Zhang Lab, Yunnan University)\nJun 2021 – Aug 2021\nResearch Assistant\n- Conducted molecular studies on COVID-19 vaccines, demonstrating scientific rigor and detail-oriented research.\n- Improved communication and teamwork through diverse interactions, enhancing interpersonal skills and cultural awareness.\n\n\n# PUBLICATIONS\n\nManuscript-in-preparation:\n- Avinash Naraiah Mukkala, Bruna Araujo David, Menachem Ailenberg, Jady Liang, Chirag Manoj Vaswani, Danielle Karakas, William Barbour, Rachel Goldfarb, Avishai Gasner, *Ruoxian Wu*, Kushal Joshi, Raluca Petrut, Sabrina Yang, Colin Graham, Mirjana Jerkic, Eno Hysi, Marc Jeschke, Ana Andreazza, Heyu Ni, Claudia dos Santos, Haibo Zhang, Andras Kapus, Paul Kubes, Ori David Rotstein. \"Exogenous mitochondria are phagocytosed by ischemic Kupffer cells, in vivo, to prevent liver injury and inflammation.\" Has been submitted to the Journal of Experimental Medicine in Feb. 2024.\n\n## EXTRACURRICULAR ACTIVITIES\nUniversity of Toronto Life Sciences Connection (UTLSC) Club\nSep 2022 – Present\nVice Minister\n- Leadership & Management: Spearheaded promotional efforts, showcasing leadership through the effective coordination of publicity tasks.\n- Technical Proficiency: Utilized various software such as Microsoft Office Suite, demonstrating adaptability and proficiency in technology for creative solutions.\n- Creative Communication: Designed electronic posters, enhancing the club's visibility and engagement, highlighting creativity and strategic communication skills.\n\nUniversity of Toronto Skule Orchestra Club\nSep 2021 – May 2023\nCellist\n- Rehearse Teamwork & Collaboration: Collaborated in a symphonic orchestra setting, fostering teamwork and mutual support among musicians.\n- Cultural Enrichment: Contributed to the enrichment of college life through music, demonstrating commitment to cultural diversity and community engagement.\n- Communication Skills: Engaged with peers with similar interests, showcasing interpersonal communication skills and the ability to work harmoniously in diverse groups.\n\nMama Pack Organization\nJun 2019\nVolunteer\n- Social Responsibility: Packed food for children suffering from famine worldwide, reflecting a strong sense of empathy, commitment to social impact, and humanitarian values.\n- Teamwork & Efficiency: Worked effectively in a team to achieve a common goal under time constraints, displaying excellent organizational skills and the ability to work well under pressure.\n\n# AWARDS\nUniversity of Toronto\nExperiential Learning Bursary\nFall 2023","srcMarkdownNoYaml":"\n\n<img src=\"/cloud/project/Scarlet_web/elements/logo.png\" alt=\"Me\" loading=\"lazy\" width=\"60\" height=\"40\">\n\n# EDUCATION\nUniversity of Toronto\nSep 2023 – Jun 2024 \nBachelor of Science (Honours)\n\nPhysiology Specialist  \nStatistic Minor\n\n# TECHNICAL SKILLS\n## Software: \nSQL, Python, R Studio, GitHub, Power BI, and Prism Graphpad.\n\n## Lab Techniques: \nWestern blots, bacterial culture, immune cell isolations, animal tissue histology, cytotoxicity (LDH assay), immunofluorescent staining, organ injury scoring, virology, genetics and sequence design, bioinformatics. \n\n\n# WORKING EXPERIENCE\n## Unity Health (Ori Rotstein Lab, University of Toronto)\nSep 2023 – Present\nResearch Assistant\n- Conducted in-depth research on liver ischemic injury, showcasing analytical skills and attention to detail.\n- Led an independent project on C3-CRIG interaction, demonstrating project management, innovation, and strategic planning skills.\n- Gained technical proficiency in histology and liver injury scoring, enhancing problem-solving abilities.\n- Contributed to manuscript writing, highlighting written communication and collaborative skills.\n\n## Biomedical Incubator Capstone (Erwinia-Phage Therapy, University of Toronto)\nSep 2023 – Present\nIndependent Research Project Contributor\n- Developed bacteriophage cocktails, illustrating creative thinking and experimental design skills.\n- Identified research gaps and commercialization potential, showcasing market analysis and entrepreneurial thinking.\n- Managed the project budget, demonstrating financial planning and resource management capabilities.\nExhibited leadership, teamwork, and networking skills throughout the project.\n\n## Unity Health (Haibo Zhang Lab, University of Toronto)\nMay 2023 – Aug 2023\nResearch Assistant \n- Research Investigated COVID-19 therapies, showing critical thinking and a proactive approach to medical challenges.\n- Managed electronic archives, indicating organizational skills and data management proficiency.\n- Attended lab meetings, showcasing active listening and engagement in collaborative environments.\n\nPREVENT Project (Karim Keshavjee Lab, University of Toronto)\nJul 2023 – Sep 2023\nProject Volunteer\n- Contributed to AI-based diabetes prevention software, displaying technical acumen and adaptability.\n- Developed predictive models, showing quantitative analysis skills and the ability to synthesize complex data.\n- Integrated biological data with health records, indicating interdisciplinary knowledge and innovation.\n\nChinese State Key Lab (Zijie Zhang Lab, Yunnan University)\nJun 2021 – Aug 2021\nResearch Assistant\n- Conducted molecular studies on COVID-19 vaccines, demonstrating scientific rigor and detail-oriented research.\n- Improved communication and teamwork through diverse interactions, enhancing interpersonal skills and cultural awareness.\n\n\n# PUBLICATIONS\n\nManuscript-in-preparation:\n- Avinash Naraiah Mukkala, Bruna Araujo David, Menachem Ailenberg, Jady Liang, Chirag Manoj Vaswani, Danielle Karakas, William Barbour, Rachel Goldfarb, Avishai Gasner, *Ruoxian Wu*, Kushal Joshi, Raluca Petrut, Sabrina Yang, Colin Graham, Mirjana Jerkic, Eno Hysi, Marc Jeschke, Ana Andreazza, Heyu Ni, Claudia dos Santos, Haibo Zhang, Andras Kapus, Paul Kubes, Ori David Rotstein. \"Exogenous mitochondria are phagocytosed by ischemic Kupffer cells, in vivo, to prevent liver injury and inflammation.\" Has been submitted to the Journal of Experimental Medicine in Feb. 2024.\n\n## EXTRACURRICULAR ACTIVITIES\nUniversity of Toronto Life Sciences Connection (UTLSC) Club\nSep 2022 – Present\nVice Minister\n- Leadership & Management: Spearheaded promotional efforts, showcasing leadership through the effective coordination of publicity tasks.\n- Technical Proficiency: Utilized various software such as Microsoft Office Suite, demonstrating adaptability and proficiency in technology for creative solutions.\n- Creative Communication: Designed electronic posters, enhancing the club's visibility and engagement, highlighting creativity and strategic communication skills.\n\nUniversity of Toronto Skule Orchestra Club\nSep 2021 – May 2023\nCellist\n- Rehearse Teamwork & Collaboration: Collaborated in a symphonic orchestra setting, fostering teamwork and mutual support among musicians.\n- Cultural Enrichment: Contributed to the enrichment of college life through music, demonstrating commitment to cultural diversity and community engagement.\n- Communication Skills: Engaged with peers with similar interests, showcasing interpersonal communication skills and the ability to work harmoniously in diverse groups.\n\nMama Pack Organization\nJun 2019\nVolunteer\n- Social Responsibility: Packed food for children suffering from famine worldwide, reflecting a strong sense of empathy, commitment to social impact, and humanitarian values.\n- Teamwork & Efficiency: Worked effectively in a team to achieve a common goal under time constraints, displaying excellent organizational skills and the ability to work well under pressure.\n\n# AWARDS\nUniversity of Toronto\nExperiential Learning Bursary\nFall 2023"},"formats":{"html":{"identifier":{"display-name":"HTML","target-format":"html","base-format":"html"},"execute":{"fig-width":7,"fig-height":5,"fig-format":"retina","fig-dpi":96,"df-print":"default","error":false,"eval":true,"cache":null,"freeze":false,"echo":true,"output":true,"warning":true,"include":true,"keep-md":false,"keep-ipynb":false,"ipynb":null,"enabled":null,"daemon":null,"daemon-restart":false,"debug":false,"ipynb-filters":[],"ipynb-shell-interactivity":null,"plotly-connected":true,"engine":"markdown"},"render":{"keep-tex":false,"keep-typ":false,"keep-source":false,"keep-hidden":false,"prefer-html":false,"output-divs":true,"output-ext":"html","fig-align":"default","fig-pos":null,"fig-env":null,"code-fold":"none","code-overflow":"scroll","code-link":false,"code-line-numbers":false,"code-tools":false,"tbl-colwidths":"auto","merge-includes":true,"inline-includes":false,"preserve-yaml":false,"latex-auto-mk":true,"latex-auto-install":true,"latex-clean":true,"latex-min-runs":1,"latex-max-runs":10,"latex-makeindex":"makeindex","latex-makeindex-opts":[],"latex-tlmgr-opts":[],"latex-input-paths":[],"latex-output-dir":null,"link-external-icon":false,"link-external-newwindow":false,"self-contained-math":false,"format-resources":[],"notebook-links":true},"pandoc":{"standalone":true,"wrap":"none","default-image-extension":"png","to":"html","css":["styles.css"],"toc":true,"output-file":"index.html"},"language":{"toc-title-document":"Table of contents","toc-title-website":"On this page","related-formats-title":"Other Formats","related-notebooks-title":"Notebooks","source-notebooks-prefix":"Source","other-links-title":"Other Links","code-links-title":"Code Links","launch-dev-container-title":"Launch Dev Container","launch-binder-title":"Launch Binder","article-notebook-label":"Article Notebook","notebook-preview-download":"Download Notebook","notebook-preview-download-src":"Download Source","notebook-preview-back":"Back to Article","manuscript-meca-bundle":"MECA Bundle","section-title-abstract":"Abstract","section-title-appendices":"Appendices","section-title-footnotes":"Footnotes","section-title-references":"References","section-title-reuse":"Reuse","section-title-copyright":"Copyright","section-title-citation":"Citation","appendix-attribution-cite-as":"For attribution, please cite this work as:","appendix-attribution-bibtex":"BibTeX citation:","title-block-author-single":"Author","title-block-author-plural":"Authors","title-block-affiliation-single":"Affiliation","title-block-affiliation-plural":"Affiliations","title-block-published":"Published","title-block-modified":"Modified","title-block-keywords":"Keywords","callout-tip-title":"Tip","callout-note-title":"Note","callout-warning-title":"Warning","callout-important-title":"Important","callout-caution-title":"Caution","code-summary":"Code","code-tools-menu-caption":"Code","code-tools-show-all-code":"Show All Code","code-tools-hide-all-code":"Hide All Code","code-tools-view-source":"View Source","code-tools-source-code":"Source Code","tools-share":"Share","tools-download":"Download","code-line":"Line","code-lines":"Lines","copy-button-tooltip":"Copy to Clipboard","copy-button-tooltip-success":"Copied!","repo-action-links-edit":"Edit this page","repo-action-links-source":"View source","repo-action-links-issue":"Report an issue","back-to-top":"Back to top","search-no-results-text":"No results","search-matching-documents-text":"matching documents","search-copy-link-title":"Copy link to search","search-hide-matches-text":"Hide additional matches","search-more-match-text":"more match in this document","search-more-matches-text":"more matches in this document","search-clear-button-title":"Clear","search-text-placeholder":"","search-detached-cancel-button-title":"Cancel","search-submit-button-title":"Submit","search-label":"Search","toggle-section":"Toggle section","toggle-sidebar":"Toggle sidebar navigation","toggle-dark-mode":"Toggle dark mode","toggle-reader-mode":"Toggle reader mode","toggle-navigation":"Toggle navigation","crossref-fig-title":"Figure","crossref-tbl-title":"Table","crossref-lst-title":"Listing","crossref-thm-title":"Theorem","crossref-lem-title":"Lemma","crossref-cor-title":"Corollary","crossref-prp-title":"Proposition","crossref-cnj-title":"Conjecture","crossref-def-title":"Definition","crossref-exm-title":"Example","crossref-exr-title":"Exercise","crossref-ch-prefix":"Chapter","crossref-apx-prefix":"Appendix","crossref-sec-prefix":"Section","crossref-eq-prefix":"Equation","crossref-lof-title":"List of Figures","crossref-lot-title":"List of Tables","crossref-lol-title":"List of Listings","environment-proof-title":"Proof","environment-remark-title":"Remark","environment-solution-title":"Solution","listing-page-order-by":"Order By","listing-page-order-by-default":"Default","listing-page-order-by-date-asc":"Oldest","listing-page-order-by-date-desc":"Newest","listing-page-order-by-number-desc":"High to Low","listing-page-order-by-number-asc":"Low to High","listing-page-field-date":"Date","listing-page-field-title":"Title","listing-page-field-description":"Description","listing-page-field-author":"Author","listing-page-field-filename":"File Name","listing-page-field-filemodified":"Modified","listing-page-field-subtitle":"Subtitle","listing-page-field-readingtime":"Reading Time","listing-page-field-wordcount":"Word Count","listing-page-field-categories":"Categories","listing-page-minutes-compact":"{0} min","listing-page-category-all":"All","listing-page-no-matches":"No matching items","listing-page-words":"{0} words"},"metadata":{"lang":"en","fig-responsive":true,"quarto-version":"1.4.550","theme":"journal","title":"Hi, I am Scarlet. Nice to meet you!","author":"Scarlet"},"extensions":{"book":{"multiFile":true}}}},"projectFormats":["html"]}